{"bench zarr":{"0":163.268662944,"1":190.49016608,"2":216.1215984919,"3":241.607878953,"4":200.638949719,"5":177.358407923,"6":179.3579060119,"7":188.295455266,"8":172.9398270971,"9":181.9067405402},"bench hdf5":{"0":737.858588855,"1":725.208751362,"2":748.051907992,"3":762.2141570959,"4":730.8110270682,"5":739.2462294609,"6":729.2305108989,"7":732.0624226581,"8":730.9712237429,"9":718.5198315051}}