{"bench zarr":{"0":13.4429390151,"1":11.3511598483,"2":9.4349995628,"3":8.8825660264,"4":9.0459257942,"5":8.9392217398,"6":9.192429198,"7":8.7524159187,"8":8.2829337297,"9":8.3377710236},"bench hdf5":{"0":21.8819123078,"1":24.6118454719,"2":20.4128641412,"3":19.8942264058,"4":19.9445372634,"5":19.922588814,"6":19.8239570651,"7":19.8648272278,"8":19.8712333385,"9":19.8813698338},"bench netcdf4":{"0":22.3814058211,"1":21.1657088697,"2":20.9823701978,"3":21.0797922453,"4":21.0319587942,"5":21.2175944792,"6":21.0530494871,"7":21.0828627413,"8":20.9704133207,"9":21.1288668839}}