{"bench zarr":{"0":1.4318017489,"1":1.4919941409,"2":1.5067627549,"3":1.4946219961,"4":1.4976878471,"5":1.494449551,"6":1.510384778,"7":1.50817211,"8":1.5043004102,"9":1.5020573309},"bench hdf5":{"0":15.7458429071,"1":15.8863305349,"2":15.8705224071,"3":15.8168102012,"4":15.8212906071,"5":15.805718635,"6":15.7930015731,"7":15.8004075119,"8":15.820831344,"9":15.7107773749},"bench netcdf4":{"0":1.057239745,"1":0.921547614,"2":0.889594882,"3":0.884374812,"4":0.883379393,"5":0.877790919,"6":0.8908749921,"7":0.884854615,"8":0.8850848959,"9":0.8856133881}}