{"time taken":{"0":0.30479,"1":0.268223,"2":0.262355,"3":0.253173,"4":0.254357,"5":0.211799,"6":0.182827,"7":0.189003,"8":0.183811,"9":0.190469,"10":0.153064,"11":0.086052,"12":0.085829,"13":0.086604,"14":0.085203,"15":0.138647,"16":0.062873,"17":0.062193,"18":0.060972,"19":0.06125,"20":0.216111,"21":0.106241,"22":0.114987,"23":0.102068,"24":0.106426,"25":1.434209,"26":1.385121,"27":1.36479,"28":1.349533,"29":1.365173,"30":0.708957,"31":0.657195,"32":0.612099,"33":0.62007,"34":0.823565,"35":0.484446,"36":0.404602,"37":0.404741,"38":0.401996,"39":0.402065,"40":0.341437,"41":0.185157,"42":0.23323,"43":0.185028,"44":0.197757,"45":0.171853,"46":0.11997,"47":0.11902,"48":0.118782,"49":0.120007,"50":2.41527,"51":0.329613,"52":0.304168,"53":0.316232,"54":0.352494,"55":2.716196,"56":2.648755,"57":2.658179,"58":2.663024,"59":2.733999,"60":1.700619,"61":1.168656,"62":1.104382,"63":1.157122,"64":1.114164,"65":0.747336,"66":0.689858,"67":0.685796,"68":0.692344,"69":0.755795,"70":0.736709,"71":0.498309,"72":0.417857,"73":0.403238,"74":0.415535,"75":0.223645,"76":0.174068,"77":0.176533,"78":0.187618,"79":0.228968,"80":3.066413,"81":0.656966,"82":0.579143,"83":0.610539,"84":2.613524,"85":4.0484,"86":4.001084,"87":3.996,"88":4.142203,"89":3.724741},"format":{"0":"netcdf4-c-[134217728]-[]","1":"netcdf4-c-[134217728]-[]","2":"netcdf4-c-[134217728]-[]","3":"netcdf4-c-[134217728]-[]","4":"netcdf4-c-[134217728]-[]","5":"hdf5-c-[134217728]-[]","6":"hdf5-c-[134217728]-[]","7":"hdf5-c-[134217728]-[]","8":"hdf5-c-[134217728]-[]","9":"hdf5-c-[134217728]-[]","10":"netcdf4-c-parallel-[134217728]-[]","11":"netcdf4-c-parallel-[134217728]-[]","12":"netcdf4-c-parallel-[134217728]-[]","13":"netcdf4-c-parallel-[134217728]-[]","14":"netcdf4-c-parallel-[134217728]-[]","15":"hdf5-c-parallel-[134217728]-[]","16":"hdf5-c-parallel-[134217728]-[]","17":"hdf5-c-parallel-[134217728]-[]","18":"hdf5-c-parallel-[134217728]-[]","19":"hdf5-c-parallel-[134217728]-[]","20":"hdf5-async-[134217728]-[]","21":"hdf5-async-[134217728]-[]","22":"hdf5-async-[134217728]-[]","23":"hdf5-async-[134217728]-[]","24":"hdf5-async-[134217728]-[]","25":"hdf5-subfiling-[134217728]-[]","26":"hdf5-subfiling-[134217728]-[]","27":"hdf5-subfiling-[134217728]-[]","28":"hdf5-subfiling-[134217728]-[]","29":"hdf5-subfiling-[134217728]-[]","30":"netcdf4-c-[268435456]-[]","31":"netcdf4-c-[268435456]-[]","32":"netcdf4-c-[268435456]-[]","33":"netcdf4-c-[268435456]-[]","34":"netcdf4-c-[268435456]-[]","35":"hdf5-c-[268435456]-[]","36":"hdf5-c-[268435456]-[]","37":"hdf5-c-[268435456]-[]","38":"hdf5-c-[268435456]-[]","39":"hdf5-c-[268435456]-[]","40":"netcdf4-c-parallel-[268435456]-[]","41":"netcdf4-c-parallel-[268435456]-[]","42":"netcdf4-c-parallel-[268435456]-[]","43":"netcdf4-c-parallel-[268435456]-[]","44":"netcdf4-c-parallel-[268435456]-[]","45":"hdf5-c-parallel-[268435456]-[]","46":"hdf5-c-parallel-[268435456]-[]","47":"hdf5-c-parallel-[268435456]-[]","48":"hdf5-c-parallel-[268435456]-[]","49":"hdf5-c-parallel-[268435456]-[]","50":"hdf5-async-[268435456]-[]","51":"hdf5-async-[268435456]-[]","52":"hdf5-async-[268435456]-[]","53":"hdf5-async-[268435456]-[]","54":"hdf5-async-[268435456]-[]","55":"hdf5-subfiling-[268435456]-[]","56":"hdf5-subfiling-[268435456]-[]","57":"hdf5-subfiling-[268435456]-[]","58":"hdf5-subfiling-[268435456]-[]","59":"hdf5-subfiling-[268435456]-[]","60":"netcdf4-c-[402653184]-[]","61":"netcdf4-c-[402653184]-[]","62":"netcdf4-c-[402653184]-[]","63":"netcdf4-c-[402653184]-[]","64":"netcdf4-c-[402653184]-[]","65":"hdf5-c-[402653184]-[]","66":"hdf5-c-[402653184]-[]","67":"hdf5-c-[402653184]-[]","68":"hdf5-c-[402653184]-[]","69":"hdf5-c-[402653184]-[]","70":"netcdf4-c-parallel-[402653184]-[]","71":"netcdf4-c-parallel-[402653184]-[]","72":"netcdf4-c-parallel-[402653184]-[]","73":"netcdf4-c-parallel-[402653184]-[]","74":"netcdf4-c-parallel-[402653184]-[]","75":"hdf5-c-parallel-[402653184]-[]","76":"hdf5-c-parallel-[402653184]-[]","77":"hdf5-c-parallel-[402653184]-[]","78":"hdf5-c-parallel-[402653184]-[]","79":"hdf5-c-parallel-[402653184]-[]","80":"hdf5-async-[402653184]-[]","81":"hdf5-async-[402653184]-[]","82":"hdf5-async-[402653184]-[]","83":"hdf5-async-[402653184]-[]","84":"hdf5-async-[402653184]-[]","85":"hdf5-subfiling-[402653184]-[]","86":"hdf5-subfiling-[402653184]-[]","87":"hdf5-subfiling-[402653184]-[]","88":"hdf5-subfiling-[402653184]-[]","89":"hdf5-subfiling-[402653184]-[]"},"run":{"0":0,"1":0,"2":0,"3":0,"4":0,"5":0,"6":0,"7":0,"8":0,"9":0,"10":0,"11":0,"12":0,"13":0,"14":0,"15":0,"16":0,"17":0,"18":0,"19":0,"20":0,"21":0,"22":0,"23":0,"24":0,"25":0,"26":0,"27":0,"28":0,"29":0,"30":1,"31":1,"32":1,"33":1,"34":1,"35":1,"36":1,"37":1,"38":1,"39":1,"40":1,"41":1,"42":1,"43":1,"44":1,"45":1,"46":1,"47":1,"48":1,"49":1,"50":1,"51":1,"52":1,"53":1,"54":1,"55":1,"56":1,"57":1,"58":1,"59":1,"60":2,"61":2,"62":2,"63":2,"64":2,"65":2,"66":2,"67":2,"68":2,"69":2,"70":2,"71":2,"72":2,"73":2,"74":2,"75":2,"76":2,"77":2,"78":2,"79":2,"80":2,"81":2,"82":2,"83":2,"84":2,"85":2,"86":2,"87":2,"88":2,"89":2},"engine":{"0":"netcdf4-c","1":"netcdf4-c","2":"netcdf4-c","3":"netcdf4-c","4":"netcdf4-c","5":"hdf5-c","6":"hdf5-c","7":"hdf5-c","8":"hdf5-c","9":"hdf5-c","10":"netcdf4-c-parallel","11":"netcdf4-c-parallel","12":"netcdf4-c-parallel","13":"netcdf4-c-parallel","14":"netcdf4-c-parallel","15":"hdf5-c-parallel","16":"hdf5-c-parallel","17":"hdf5-c-parallel","18":"hdf5-c-parallel","19":"hdf5-c-parallel","20":"hdf5-async","21":"hdf5-async","22":"hdf5-async","23":"hdf5-async","24":"hdf5-async","25":"hdf5-subfiling","26":"hdf5-subfiling","27":"hdf5-subfiling","28":"hdf5-subfiling","29":"hdf5-subfiling","30":"netcdf4-c","31":"netcdf4-c","32":"netcdf4-c","33":"netcdf4-c","34":"netcdf4-c","35":"hdf5-c","36":"hdf5-c","37":"hdf5-c","38":"hdf5-c","39":"hdf5-c","40":"netcdf4-c-parallel","41":"netcdf4-c-parallel","42":"netcdf4-c-parallel","43":"netcdf4-c-parallel","44":"netcdf4-c-parallel","45":"hdf5-c-parallel","46":"hdf5-c-parallel","47":"hdf5-c-parallel","48":"hdf5-c-parallel","49":"hdf5-c-parallel","50":"hdf5-async","51":"hdf5-async","52":"hdf5-async","53":"hdf5-async","54":"hdf5-async","55":"hdf5-subfiling","56":"hdf5-subfiling","57":"hdf5-subfiling","58":"hdf5-subfiling","59":"hdf5-subfiling","60":"netcdf4-c","61":"netcdf4-c","62":"netcdf4-c","63":"netcdf4-c","64":"netcdf4-c","65":"hdf5-c","66":"hdf5-c","67":"hdf5-c","68":"hdf5-c","69":"hdf5-c","70":"netcdf4-c-parallel","71":"netcdf4-c-parallel","72":"netcdf4-c-parallel","73":"netcdf4-c-parallel","74":"netcdf4-c-parallel","75":"hdf5-c-parallel","76":"hdf5-c-parallel","77":"hdf5-c-parallel","78":"hdf5-c-parallel","79":"hdf5-c-parallel","80":"hdf5-async","81":"hdf5-async","82":"hdf5-async","83":"hdf5-async","84":"hdf5-async","85":"hdf5-subfiling","86":"hdf5-subfiling","87":"hdf5-subfiling","88":"hdf5-subfiling","89":"hdf5-subfiling"},"total filesize":{"0":"1.0 GB","1":"1.0 GB","2":"1.0 GB","3":"1.0 GB","4":"1.0 GB","5":"1.0 GB","6":"1.0 GB","7":"1.0 GB","8":"1.0 GB","9":"1.0 GB","10":"1.0 GB","11":"1.0 GB","12":"1.0 GB","13":"1.0 GB","14":"1.0 GB","15":"1.0 GB","16":"1.0 GB","17":"1.0 GB","18":"1.0 GB","19":"1.0 GB","20":"1.0 GB","21":"1.0 GB","22":"1.0 GB","23":"1.0 GB","24":"1.0 GB","25":"1.0 GB","26":"1.0 GB","27":"1.0 GB","28":"1.0 GB","29":"1.0 GB","30":"2.0 GB","31":"2.0 GB","32":"2.0 GB","33":"2.0 GB","34":"2.0 GB","35":"2.0 GB","36":"2.0 GB","37":"2.0 GB","38":"2.0 GB","39":"2.0 GB","40":"2.0 GB","41":"2.0 GB","42":"2.0 GB","43":"2.0 GB","44":"2.0 GB","45":"2.0 GB","46":"2.0 GB","47":"2.0 GB","48":"2.0 GB","49":"2.0 GB","50":"2.0 GB","51":"2.0 GB","52":"2.0 GB","53":"2.0 GB","54":"2.0 GB","55":"2.0 GB","56":"2.0 GB","57":"2.0 GB","58":"2.0 GB","59":"2.0 GB","60":"3.0 GB","61":"3.0 GB","62":"3.0 GB","63":"3.0 GB","64":"3.0 GB","65":"3.0 GB","66":"3.0 GB","67":"3.0 GB","68":"3.0 GB","69":"3.0 GB","70":"3.0 GB","71":"3.0 GB","72":"3.0 GB","73":"3.0 GB","74":"3.0 GB","75":"3.0 GB","76":"3.0 GB","77":"3.0 GB","78":"3.0 GB","79":"3.0 GB","80":"3.0 GB","81":"3.0 GB",