{"time taken":{"0":0.410960726,"1":0.399184848,"2":0.390888595,"3":0.391925029,"4":0.392793671,"5":0.167148758,"6":0.225297626,"7":0.138858708,"8":0.143737049,"9":0.142310252,"10":0.612451363,"11":0.604652508,"12":0.496227777,"13":0.490071462,"14":0.509912889,"15":0.083620775,"16":0.077898663,"17":0.078558828,"18":0.078862395,"19":0.062696148,"20":0.134739763,"21":0.137328938,"22":0.134420534,"23":0.13530525,"24":0.134360921,"25":0.802522325,"26":0.800762352,"27":0.795330865,"28":0.788234612,"29":0.791119846,"30":0.324673683,"31":0.436002463,"32":0.271869496,"33":0.270387698,"34":0.268696488,"35":0.999407505,"36":1.262501956,"37":0.956569788,"38":1.056468109,"39":0.95027816,"40":0.184748184,"41":0.156118444,"42":0.15804474,"43":0.158137064,"44":0.159567738,"45":0.267947494,"46":0.27247827,"47":0.268121675,"48":0.305185653,"49":0.275008972,"50":1.345896439,"51":1.188233725,"52":1.154188991,"53":1.141234052,"54":1.148099572,"55":0.708206127,"56":0.822933951,"57":0.425873664,"58":0.407669442,"59":0.406418085,"60":1.729609919,"61":1.993931124,"62":1.707825476,"63":1.455319682,"64":1.516944768,"65":0.391541335,"66":0.28189297,"67":0.233376383,"68":0.260159111,"69":0.239053964,"70":0.42438308,"71":0.465746053,"72":0.443288104,"73":0.418407252,"74":0.408697021},"format":{"0":"zarr-python-[134217728]-[]","1":"zarr-python-[134217728]-[]","2":"zarr-python-[134217728]-[]","3":"zarr-python-[134217728]-[]","4":"zarr-python-[134217728]-[]","5":"netcdf4-python-[134217728]-[]","6":"netcdf4-python-[134217728]-[]","7":"netcdf4-python-[134217728]-[]","8":"netcdf4-python-[134217728]-[]","9":"netcdf4-python-[134217728]-[]","10":"hdf5-python-[134217728]-[]","11":"hdf5-python-[134217728]-[]","12":"hdf5-python-[134217728]-[]","13":"hdf5-python-[134217728]-[]","14":"hdf5-python-[134217728]-[]","15":"netcdf4-python-parallel-[134217728]-[]","16":"netcdf4-python-parallel-[134217728]-[]","17":"netcdf4-python-parallel-[134217728]-[]","18":"netcdf4-python-parallel-[134217728]-[]","19":"netcdf4-python-parallel-[134217728]-[]","20":"hdf5-python-parallel-[134217728]-[]","21":"hdf5-python-parallel-[134217728]-[]","22":"hdf5-python-parallel-[134217728]-[]","23":"hdf5-python-parallel-[134217728]-[]","24":"hdf5-python-parallel-[134217728]-[]","25":"zarr-python-[268435456]-[]","26":"zarr-python-[268435456]-[]","27":"zarr-python-[268435456]-[]","28":"zarr-python-[268435456]-[]","29":"zarr-python-[268435456]-[]","30":"netcdf4-python-[268435456]-[]","31":"netcdf4-python-[268435456]-[]","32":"netcdf4-python-[268435456]-[]","33":"netcdf4-python-[268435456]-[]","34":"netcdf4-python-[268435456]-[]","35":"hdf5-python-[268435456]-[]","36":"hdf5-python-[268435456]-[]","37":"hdf5-python-[268435456]-[]","38":"hdf5-python-[268435456]-[]","39":"hdf5-python-[268435456]-[]","40":"netcdf4-python-parallel-[268435456]-[]","41":"netcdf4-python-parallel-[268435456]-[]","42":"netcdf4-python-parallel-[268435456]-[]","43":"netcdf4-python-parallel-[268435456]-[]","44":"netcdf4-python-parallel-[268435456]-[]","45":"hdf5-python-parallel-[268435456]-[]","46":"hdf5-python-parallel-[268435456]-[]","47":"hdf5-python-parallel-[268435456]-[]","48":"hdf5-python-parallel-[268435456]-[]","49":"hdf5-python-parallel-[268435456]-[]","50":"zarr-python-[402653184]-[]","51":"zarr-python-[402653184]-[]","52":"zarr-python-[402653184]-[]","53":"zarr-python-[402653184]-[]","54":"zarr-python-[402653184]-[]","55":"netcdf4-python-[402653184]-[]","56":"netcdf4-python-[402653184]-[]","57":"netcdf4-python-[402653184]-[]","58":"netcdf4-python-[402653184]-[]","59":"netcdf4-python-[402653184]-[]","60":"hdf5-python-[402653184]-[]","61":"hdf5-python-[402653184]-[]","62":"hdf5-python-[402653184]-[]","63":"hdf5-python-[402653184]-[]","64":"hdf5-python-[402653184]-[]","65":"netcdf4-python-parallel-[402653184]-[]","66":"netcdf4-python-parallel-[402653184]-[]","67":"netcdf4-python-parallel-[402653184]-[]","68":"netcdf4-python-parallel-[402653184]-[]","69":"netcdf4-python-parallel-[402653184]-[]","70":"hdf5-python-parallel-[402653184]-[]","71":"hdf5-python-parallel-[402653184]-[]","72":"hdf5-python-parallel-[402653184]-[]","73":"hdf5-python-parallel-[402653184]-[]","74":"hdf5-python-parallel-[402653184]-[]"},"run":{"0":0,"1":0,"2":0,"3":0,"4":0,"5":0,"6":0,"7":0,"8":0,"9":0,"10":0,"11":0,"12":0,"13":0,"14":0,"15":0,"16":0,"17":0,"18":0,"19":0,"20":0,"21":0,"22":0,"23":0,"24":0,"25":1,"26":1,"27":1,"28":1,"29":1,"30":1,"31":1,"32":1,"33":1,"34":1,"35":1,"36":1,"37":1,"38":1,"39":1,"40":1,"41":1,"42":1,"43":1,"44":1,"45":1,"46":1,"47":1,"48":1,"49":1,"50":2,"51":2,"52":2,"53":2,"54":2,"55":2,"56":2,"57":2,"58":2,"59":2,"60":2,"61":2,"62":2,"63":2,"64":2,"65":2,"66":2,"67":2,"68":2,"69":2,"70":2,"71":2,"72":2,"73":2,"74":2},"engine":{"0":"zarr-python","1":"zarr-python","2":"zarr-python","3":"zarr-python","4":"zarr-python","5":"netcdf4-python","6":"netcdf4-python","7":"netcdf4-python","8":"netcdf4-python","9":"netcdf4-python","10":"hdf5-python","11":"hdf5-python","12":"hdf5-python","13":"hdf5-python","14":"hdf5-python","15":"netcdf4-python-parallel","16":"netcdf4-python-parallel","17":"netcdf4-python-parallel","18":"netcdf4-python-parallel","19":"netcdf4-python-parallel","20":"hdf5-python-parallel","21":"hdf5-python-parallel","22":"hdf5-python-parallel","23":"hdf5-python-parallel","24":"hdf5-python-parallel","25":"zarr-python","26":"zarr-python","27":"zarr-python","28":"zarr-python","29":"zarr-python","30":"netcdf4-python","31":"netcdf4-python","32":"netcdf4-python","33":"netcdf4-python","34":"netcdf4-python","35":"hdf5-python","36":"hdf5-python","37":"hdf5-python","38":"hdf5-python","39":"hdf5-python","40":"netcdf4-python-parallel","41":"netcdf4-python-parallel","42":"netcdf4-python-parallel","43":"netcdf4-python-parallel","44":"netcdf4-python-parallel","45":"hdf5-python-parallel","46":"hdf5-python-parallel","47":"hdf5-python-parallel","48":"hdf5-python-parallel","49":"hdf5-python-parallel","50":"zarr-python","51":"zarr-python","52":"zarr-python","53":"zarr-python","54":"zarr-python","55":"netcdf4-python","56":"netcdf4-python","57":"netcdf4-python","58":"netcdf4-python","59":"netcdf4-python","60":"hdf5-python","61":"hdf5-python","62":"hdf5-python","63":"hdf5-python","64":"hdf5-python","65":"netcdf4-python-parallel","66":"netcdf4-python-parallel","67":"netcdf4-python-parallel","68":"netcdf4-python-parallel","69":"netcdf4-python-parallel","70":"hdf5-python-parallel","71":"hdf5-python-parallel","72":"hdf5-python-parallel","73":"hdf5-python-parallel","74":"hdf5-python-parallel"},"total filesize":{"0":"1.0 GB","1":"1.0 GB","2":"1.0 GB","3":"1.0 GB","4":"1.0 GB","5":"1.0 GB","6":"1.0 GB","7":"1.0 GB","8":"1.0 GB","9":"1.0 GB","10":"1.0 GB","11":"1.0 GB","12":"1.0 GB","13":"1.0 GB","14":"1.0 GB","15":"1.0 GB","16":"1.0 GB","17":"1.0 GB","18":"1.0 GB","19":"1.0 GB","20":"1.0 GB","21":"1.0 GB","22":"1.0 GB","23":"1.0 GB","24":"1.0 GB","25":"2.0 GB","26":"2.0 GB","27":"2.0 GB","28":"2.0 GB","29":"2.0 GB","30":"2.0 GB","31":"2.0 GB","32":"2.0 GB","33":"2.0 GB","34":"2.0 GB","35":"2.0 GB","36":"2.0 GB","37":"2.0 GB","38":"2.0 GB","39":"2.0 GB","40":"2.0 GB","41":"2.0 GB","42":"2.0 GB","43":"2.0 GB","44":"2.0 GB","45":"2.0 GB","46":"2.0 GB","47":"2.0 GB","48":"2.0 GB","49":"2.0 GB","50":"3.0 GB","51":"3.0 GB","52":"3.0 GB","53":"3.0 GB","54":"3.0 GB","55":"3.0 GB","56":"3.0 GB","57":"3.0 GB","58":"3.0 GB","59":"3.0 GB","60":"3.0 GB","61":"3.0 GB","62":"3.0 GB","63":"3.0 GB","64":"3.0 GB","65":"3.0 GB","66":"3.0 GB","67":"3.0 GB","68":"3.0 GB","69":"3.0 GB","70":"3.0 GB","71":"3.0 GB","72":"3.0 GB","73":"3.0 GB","74":"3.0 GB"},"filesize per chunk":{"0":"None None","1":"None None","2":"None None","3":"None None","4":"None None","5":"None None","6":"None None","7":"None None","8":"None None","9":"None None","10":"None None","11":"None None","12":"None None","13":"None None","14":"None None","15":"None None","16":"None None","17":"None None","18":"None None","19":"None None","20":"None None","21":"None None","22":"None None","23":"None None","24":"None None",