{"time taken":{"0":0.406175223,"1":0.397075543,"2":0.405381134,"3":0.397726407,"4":0.404161601,"5":0.16850932,"6":0.23703109,"7":0.145502727,"8":0.145023406,"9":0.149754637,"10":0.477894369,"11":0.681356944,"12":0.543982863,"13":0.480574277,"14":0.494314795,"15":0.11995616,"16":0.08337849,"17":0.085644542,"18":0.085539458,"19":0.085935425,"20":0.132981637,"21":0.137651788,"22":0.134125659,"23":0.144770091,"24":0.143759393,"25":0.836146324,"26":0.811822337,"27":0.810833326,"28":0.806226164,"29":0.828678997,"30":0.682276001,"31":0.474784096,"32":0.27631289,"33":0.284496942,"34":0.382164573,"35":1.096511751,"36":1.140248123,"37":0.974344621,"38":1.052960165,"39":0.968553691,"40":0.182426836,"41":0.172030099,"42":0.173997974,"43":0.175093182,"44":0.17425464,"45":0.276112651,"46":0.313568014,"47":0.281004472,"48":0.267243873,"49":0.290694476,"50":1.585236911,"51":1.179808551,"52":1.146197023,"53":1.160256741,"54":1.139646684,"55":1.070824051,"56":0.823801063,"57":0.413060692,"58":0.413212679,"59":0.412818099,"60":1.776205176,"61":1.957260015,"62":1.750537723,"63":1.702364723,"64":1.53513122,"65":0.351147193,"66":0.353866207,"67":0.280269165,"68":0.260743328,"69":0.257258149,"70":0.458162565,"71":0.412190124,"72":0.408637812,"73":0.405906863,"74":0.438936601},"format":{"0":"zarr-python-[134217728]-[]","1":"zarr-python-[134217728]-[]","2":"zarr-python-[134217728]-[]","3":"zarr-python-[134217728]-[]","4":"zarr-python-[134217728]-[]","5":"netcdf4-python-[134217728]-[]","6":"netcdf4-python-[134217728]-[]","7":"netcdf4-python-[134217728]-[]","8":"netcdf4-python-[134217728]-[]","9":"netcdf4-python-[134217728]-[]","10":"hdf5-python-[134217728]-[]","11":"hdf5-python-[134217728]-[]","12":"hdf5-python-[134217728]-[]","13":"hdf5-python-[134217728]-[]","14":"hdf5-python-[134217728]-[]","15":"netcdf4-python-parallel-[134217728]-[]","16":"netcdf4-python-parallel-[134217728]-[]","17":"netcdf4-python-parallel-[134217728]-[]","18":"netcdf4-python-parallel-[134217728]-[]","19":"netcdf4-python-parallel-[134217728]-[]","20":"hdf5-python-parallel-[134217728]-[]","21":"hdf5-python-parallel-[134217728]-[]","22":"hdf5-python-parallel-[134217728]-[]","23":"hdf5-python-parallel-[134217728]-[]","24":"hdf5-python-parallel-[134217728]-[]","25":"zarr-python-[268435456]-[]","26":"zarr-python-[268435456]-[]","27":"zarr-python-[268435456]-[]","28":"zarr-python-[268435456]-[]","29":"zarr-python-[268435456]-[]","30":"netcdf4-python-[268435456]-[]","31":"netcdf4-python-[268435456]-[]","32":"netcdf4-python-[268435456]-[]","33":"netcdf4-python-[268435456]-[]","34":"netcdf4-python-[268435456]-[]","35":"hdf5-python-[268435456]-[]","36":"hdf5-python-[268435456]-[]","37":"hdf5-python-[268435456]-[]","38":"hdf5-python-[268435456]-[]","39":"hdf5-python-[268435456]-[]","40":"netcdf4-python-parallel-[268435456]-[]","41":"netcdf4-python-parallel-[268435456]-[]","42":"netcdf4-python-parallel-[268435456]-[]","43":"netcdf4-python-parallel-[268435456]-[]","44":"netcdf4-python-parallel-[268435456]-[]","45":"hdf5-python-parallel-[268435456]-[]","46":"hdf5-python-parallel-[268435456]-[]","47":"hdf5-python-parallel-[268435456]-[]","48":"hdf5-python-parallel-[268435456]-[]","49":"hdf5-python-parallel-[268435456]-[]","50":"zarr-python-[402653184]-[]","51":"zarr-python-[402653184]-[]","52":"zarr-python-[402653184]-[]","53":"zarr-python-[402653184]-[]","54":"zarr-python-[402653184]-[]","55":"netcdf4-python-[402653184]-[]","56":"netcdf4-python-[402653184]-[]","57":"netcdf4-python-[402653184]-[]","58":"netcdf4-python-[402653184]-[]","59":"netcdf4-python-[402653184]-[]","60":"hdf5-python-[402653184]-[]","61":"hdf5-python-[402653184]-[]","62":"hdf5-python-[402653184]-[]","63":"hdf5-python-[402653184]-[]","64":"hdf5-python-[402653184]-[]","65":"netcdf4-python-parallel-[402653184]-[]","66":"netcdf4-python-parallel-[402653184]-[]","67":"netcdf4-python-parallel-[402653184]-[]","68":"netcdf4-python-parallel-[402653184]-[]","69":"netcdf4-python-parallel-[402653184]-[]","70":"hdf5-python-parallel-[402653184]-[]","71":"hdf5-python-parallel-[402653184]-[]","72":"hdf5-python-parallel-[402653184]-[]","73":"hdf5-python-parallel-[402653184]-[]","74":"hdf5-python-parallel-[402653184]-[]"},"run":{"0":0,"1":0,"2":0,"3":0,"4":0,"5":0,"6":0,"7":0,"8":0,"9":0,"10":0,"11":0,"12":0,"13":0,"14":0,"15":0,"16":0,"17":0,"18":0,"19":0,"20":0,"21":0,"22":0,"23":0,"24":0,"25":1,"26":1,"27":1,"28":1,"29":1,"30":1,"31":1,"32":1,"33":1,"34":1,"35":1,"36":1,"37":1,"38":1,"39":1,"40":1,"41":1,"42":1,"43":1,"44":1,"45":1,"46":1,"47":1,"48":1,"49":1,"50":2,"51":2,"52":2,"53":2,"54":2,"55":2,"56":2,"57":2,"58":2,"59":2,"60":2,"61":2,"62":2,"63":2,"64":2,"65":2,"66":2,"67":2,"68":2,"69":2,"70":2,"71":2,"72":2,"73":2,"74":2},"engine":{"0":"zarr-python","1":"zarr-python","2":"zarr-python","3":"zarr-python","4":"zarr-python","5":"netcdf4-python","6":"netcdf4-python","7":"netcdf4-python","8":"netcdf4-python","9":"netcdf4-python","10":"hdf5-python","11":"hdf5-python","12":"hdf5-python","13":"hdf5-python","14":"hdf5-python","15":"netcdf4-python-parallel","16":"netcdf4-python-parallel","17":"netcdf4-python-parallel","18":"netcdf4-python-parallel","19":"netcdf4-python-parallel","20":"hdf5-python-parallel","21":"hdf5-python-parallel","22":"hdf5-python-parallel","23":"hdf5-python-parallel","24":"hdf5-python-parallel","25":"zarr-python","26":"zarr-python","27":"zarr-python","28":"zarr-python","29":"zarr-python","30":"netcdf4-python","31":"netcdf4-python","32":"netcdf4-python","33":"netcdf4-python","34":"netcdf4-python","35":"hdf5-python","36":"hdf5-python","37":"hdf5-python","38":"hdf5-python","39":"hdf5-python","40":"netcdf4-python-parallel","41":"netcdf4-python-parallel","42":"netcdf4-python-parallel","43":"netcdf4-python-parallel","44":"netcdf4-python-parallel","45":"hdf5-python-parallel","46":"hdf5-python-parallel","47":"hdf5-python-parallel","48":"hdf5-python-parallel","49":"hdf5-python-parallel","50":"zarr-python","51":"zarr-python","52":"zarr-python","53":"zarr-python","54":"zarr-python","55":"netcdf4-python","56":"netcdf4-python","57":"netcdf4-python","58":"netcdf4-python","59":"netcdf4-python","60":"hdf5-python","61":"hdf5-python","62":"hdf5-python","63":"hdf5-python","64":"hdf5-python","65":"netcdf4-python-parallel","66":"netcdf4-python-parallel","67":"netcdf4-python-parallel","68":"netcdf4-python-parallel","69":"netcdf4-python-parallel","70":"hdf5-python-parallel","71":"hdf5-python-parallel","72":"hdf5-python-parallel","73":"hdf5-python-parallel","74":"hdf5-python-parallel"},"total filesize":{"0":"1.0 GB","1":"1.0 GB","2":"1.0 GB","3":"1.0 GB","4":"1.0 GB","5":"1.0 GB","6":"1.0 GB","7":"1.0 GB","8":"1.0 GB","9":"1.0 GB","10":"1.0 GB","11":"1.0 GB","12":"1.0 GB","13":"1.0 GB","14":"1.0 GB","15":"1.0 GB","16":"1.0 GB","17":"1.0 GB","18":"1.0 GB","19":"1.0 GB","20":"1.0 GB","21":"1.0 GB","22":"1.0 GB","23":"1.0 GB","24":"1.0 GB","25":"2.0 GB","26":"2.0 GB","27":"2.0 GB","28":"2.0 GB","29":"2.0 GB","30":"2.0 GB","31":"2.0 GB","32":"2.0 GB","33":"2.0 GB","34":"2.0 GB","35":"2.0 GB","36":"2.0 GB","37":"2.0 GB","38":"2.0 GB","39":"2.0 GB","40":"2.0 GB","41":"2.0 GB","42":"2.0 GB","43":"2.0 GB","44":"2.0 GB","45":"2.0 GB","46":"2.0 GB","47":"2.0 GB","48":"2.0 GB","49":"2.0 GB","50":"3.0 GB","51":"3.0 GB","52":"3.0 GB","53":"3.0 GB","54":"3.0 GB","55":"3.0 GB","56":"3.0 GB","57":"3.0 GB","58":"3.0 GB","59":"3.0 GB","60":"3.0 GB","61":"3.0 GB","62":"3.0 GB","63":"3.0 GB","64":"3.0 GB","65":"3.0 GB","66":"3.0 GB","67":"3.0 GB","68":"3.0 GB","69":"3.0 GB","70":"3.0 GB","71":"3.0 GB","72":"3.0 GB","73":"3.0 GB","74":"3.0 GB"},"filesize per chunk":{"0":"None None","1":"None None","2":"None None","3":"None None","4":"None None","5":"None None","6":"None None","7":"None None","8":"None None","9":"None None","10":"None None","11":"None None","12":"None None","13":"None None","14":"None None","15":"None None","16":"None None","17":"None None","18":"None None","19":"None None","20":"None None","21":"None None","22":"None None","23":"None None","24":"None None",