{"time taken":{"0":14.2678590543,"1":7.8118469501,"2":7.9672570759,"3":7.3654526863,"4":7.253338838,"5":10.5404083622,"6":10.6560941683,"7":10.4409340643,"8":10.381709829,"9":10.905016534,"10":11.8949632659,"11":10.929529428,"12":10.424051485,"13":10.0729941651,"14":9.7021325203,"15":2.0281098238,"16":2.0992390821,"17":2.074836228,"18":2.0342000742,"19":2.0321561559,"20":2.0907541509,"21":2.16595913,"22":2.0328819561,"23":1.117440192,"24":1.6736167679,"25":2.2149208938,"26":2.0902509452,"27":2.4199186009,"28":2.0398602718,"29":2.1778243603,"30":14.2410538527,"31":14.3268025438,"32":14.1222211793,"33":14.2914457461,"34":15.9874164313,"35":26.9087072574,"36":25.8120867261,"37":25.7729470362,"38":26.6815424939,"39":27.601859516,"40":23.7685535918,"41":23.400772986,"42":24.5517353211,"43":23.959418918,"44":23.4629934388,"45":4.0111765093,"46":4.2015136727,"47":4.0075714607,"48":4.2870309507,"49":4.2329643709,"50":3.5220536743,"51":2.879284732,"52":3.5186577383,"53":3.4459814276,"54":4.015468399,"55":4.2500530723,"56":2.291757138,"57":4.1257914812,"58":4.821080443,"59":5.6016436727,"60":21.6392261419,"61":21.9228375489,"62":21.2705657808,"63":23.635848115,"64":20.3196816263,"65":40.0236172141,"66":45.6790584689,"67":41.0956458263,"68":39.396909812,"69":40.297982058,"70":40.529203773,"71":38.716107985,"72":42.3897207859,"73":42.5208613891,"74":42.64341674,"75":6.6226388901,"76":6.3334567668,"77":6.115406719,"78":6.663961716,"79":6.9893422462,"80":4.8338633571,"81":7.0972342361,"82":4.8204355333,"83":5.7688817931,"84":5.8114747377,"85":8.0037658229,"86":7.9778408688,"87":7.2984524881,"88":8.1705324319,"89":8.6967688352},"format":{"0":"zarr-python-[1342177280]-[]","1":"zarr-python-[1342177280]-[]","2":"zarr-python-[1342177280]-[]","3":"zarr-python-[1342177280]-[]","4":"zarr-python-[1342177280]-[]","5":"netcdf4-python-[1342177280]-[]","6":"netcdf4-python-[1342177280]-[]","7":"netcdf4-python-[1342177280]-[]","8":"netcdf4-python-[1342177280]-[]","9":"netcdf4-python-[1342177280]-[]","10":"hdf5-python-[1342177280]-[]","11":"hdf5-python-[1342177280]-[]","12":"hdf5-python-[1342177280]-[]","13":"hdf5-python-[1342177280]-[]","14":"hdf5-python-[1342177280]-[]","15":"zarr-python-parallel-[1342177280]-[]","16":"zarr-python-parallel-[1342177280]-[]","17":"zarr-python-parallel-[1342177280]-[]","18":"zarr-python-parallel-[1342177280]-[]","19":"zarr-python-parallel-[1342177280]-[]","20":"netcdf4-python-parallel-[1342177280]-[]","21":"netcdf4-python-parallel-[1342177280]-[]","22":"netcdf4-python-parallel-[1342177280]-[]","23":"netcdf4-python-parallel-[1342177280]-[]","24":"netcdf4-python-parallel-[1342177280]-[]","25":"hdf5-python-parallel-[1342177280]-[]","26":"hdf5-python-parallel-[1342177280]-[]","27":"hdf5-python-parallel-[1342177280]-[]","28":"hdf5-python-parallel-[1342177280]-[]","29":"hdf5-python-parallel-[1342177280]-[]","30":"zarr-python-[2684354560]-[]","31":"zarr-python-[2684354560]-[]","32":"zarr-python-[2684354560]-[]","33":"zarr-python-[2684354560]-[]","34":"zarr-python-[2684354560]-[]","35":"netcdf4-python-[2684354560]-[]","36":"netcdf4-python-[2684354560]-[]","37":"netcdf4-python-[2684354560]-[]","38":"netcdf4-python-[2684354560]-[]","39":"netcdf4-python-[2684354560]-[]","40":"hdf5-python-[2684354560]-[]","41":"hdf5-python-[2684354560]-[]","42":"hdf5-python-[2684354560]-[]","43":"hdf5-python-[2684354560]-[]","44":"hdf5-python-[2684354560]-[]","45":"zarr-python-parallel-[2684354560]-[]","46":"zarr-python-parallel-[2684354560]-[]","47":"zarr-python-parallel-[2684354560]-[]","48":"zarr-python-parallel-[2684354560]-[]","49":"zarr-python-parallel-[2684354560]-[]","50":"netcdf4-python-parallel-[2684354560]-[]","51":"netcdf4-python-parallel-[2684354560]-[]","52":"netcdf4-python-parallel-[2684354560]-[]","53":"netcdf4-python-parallel-[2684354560]-[]","54":"netcdf4-python-parallel-[2684354560]-[]","55":"hdf5-python-parallel-[2684354560]-[]","56":"hdf5-python-parallel-[2684354560]-[]","57":"hdf5-python-parallel-[2684354560]-[]","58":"hdf5-python-parallel-[2684354560]-[]","59":"hdf5-python-parallel-[2684354560]-[]","60":"zarr-python-[4026531840]-[]","61":"zarr-python-[4026531840]-[]","62":"zarr-python-[4026531840]-[]","63":"zarr-python-[4026531840]-[]","64":"zarr-python-[4026531840]-[]","65":"netcdf4-python-[4026531840]-[]","66":"netcdf4-python-[4026531840]-[]","67":"netcdf4-python-[4026531840]-[]","68":"netcdf4-python-[4026531840]-[]","69":"netcdf4-python-[4026531840]-[]","70":"hdf5-python-[4026531840]-[]","71":"hdf5-python-[4026531840]-[]","72":"hdf5-python-[4026531840]-[]","73":"hdf5-python-[4026531840]-[]","74":"hdf5-python-[4026531840]-[]","75":"zarr-python-parallel-[4026531840]-[]","76":"zarr-python-parallel-[4026531840]-[]","77":"zarr-python-parallel-[4026531840]-[]","78":"zarr-python-parallel-[4026531840]-[]","79":"zarr-python-parallel-[4026531840]-[]","80":"netcdf4-python-parallel-[4026531840]-[]","81":"netcdf4-python-parallel-[4026531840]-[]","82":"netcdf4-python-parallel-[4026531840]-[]","83":"netcdf4-python-parallel-[4026531840]-[]","84":"netcdf4-python-parallel-[4026531840]-[]","85":"hdf5-python-parallel-[4026531840]-[]","86":"hdf5-python-parallel-[4026531840]-[]","87":"hdf5-python-parallel-[4026531840]-[]","88":"hdf5-python-parallel-[4026531840]-[]","89":"hdf5-python-parallel-[4026531840]-[]"},"run":{"0":0,"1":0,"2":0,"3":0,"4":0,"5":0,"6":0,"7":0,"8":0,"9":0,"10":0,"11":0,"12":0,"13":0,"14":0,"15":0,"16":0,"17":0,"18":0,"19":0,"20":0,"21":0,"22":0,"23":0,"24":0,"25":0,"26":0,"27":0,"28":0,"29":0,"30":1,"31":1,"32":1,"33":1,"34":1,"35":1,"36":1,"37":1,"38":1,"39":1,"40":1,"41":1,"42":1,"43":1,"44":1,"45":1,"46":1,"47":1,"48":1,"49":1,"50":1,"51":1,"52":1,"53":1,"54":1,"55":1,"56":1,"57":1,"58":1,"59":1,"60":2,"61":2,"62":2,"63":2,"64":2,"65":2,"66":2,"67":2,"68":2,"69":2,"70":2,"71":2,"72":2,"73":2,"74":2,"75":2,"76":2,"77":2,"78":2,"79":2,"80":2,"81":2,"82":2,"83":2,"84":2,"85":2,"86":2,"87":2,"88":2,"89":2},"engine":{"0":"zarr-python","1":"zarr-python","2":"zarr-python","3":"zarr-python","4":"zarr-python","5":"netcdf4-python","6":"netcdf4-python","7":"netcdf4-python","8":"netcdf4-python","9":"netcdf4-python","10":"hdf5-python","11":"hdf5-python","12":"hdf5-python","13":"hdf5-python","14":"hdf5-python","15":"zarr-python-parallel","16":"zarr-python-parallel","17":"zarr-python-parallel","18":"zarr-python-parallel","19":"zarr-python-parallel","20":"netcdf4-python-parallel","21":"netcdf4-python-parallel","22":"netcdf4-python-parallel","23":"netcdf4-python-parallel","24":"netcdf4-python-parallel","25":"hdf5-python-parallel","26":"hdf5-python-parallel","27":"hdf5-python-parallel","28":"hdf5-python-parallel","29":"hdf5-python-parallel","30":"zarr-python","31":"zarr-python","32":"zarr-python","33":"zarr-python","34":"zarr-python","35":"netcdf4-python","36":"netcdf4-python","37":"netcdf4-python","38":"netcdf4-python","39":"netcdf4-python","40":"hdf5-python","41":"hdf5-python","42":"hdf5-python","43":"hdf5-python","44":"hdf5-python","45":"zarr-python-parallel","46":"zarr-python-parallel","47":"zarr-python-parallel","48":"zarr-python-parallel","49":"zarr-python-parallel","50":"netcdf4-python-parallel","51":"netcdf4-python-parallel","52":"netcdf4-python-parallel","53":"netcdf4-python-parallel","54":"netcdf4-python-parallel","55":"hdf5-python-parallel","56":"hdf5-python-parallel","57":"hdf5-python-parallel","58":"hdf5-python-parallel","59":"hdf5-python-parallel","60":"zarr-python","61":"zarr-python","62":"zarr-python","63":"zarr-python","64":"zarr-python","65":"netcdf4-python","66":"netcdf4-python","67":"netcdf4-python","68":"netcdf4-python","69":"netcdf4-python","70":"hdf5-python","71":"hdf5-python","72":"hdf5-python","73":"hdf5-python","74":"hdf5-python","75":"zarr-python-parallel","76":"zarr-python-parallel","77":"zarr-python-parallel","78":"zarr-python-parallel","79":"zarr-python-parallel","80":"netcdf4-python-parallel","81":"netcdf4-python-parallel","82":"netcdf4-python-parallel","83":"netcdf4-python-parallel","84":"netcdf4-python-parallel",